{
    "observation.state": {
        "min": [
            -0.351805716753006,
            0.2858898639678955,
            -0.08674733340740204,
            -2.378504991531372,
            -0.08845534920692444,
            2.3464694023132324,
            0.30001938343048096,
            0.018264153972268105,
            0.01828637160360813
        ],
        "max": [
            0.3511089086532593,
            0.9788410067558289,
            0.08602526783943176,
            -1.3676142692565918,
            0.08834224194288254,
            2.834419012069702,
            1.2707574367523193,
            0.03999999910593033,
            0.03999999910593033
        ],
        "mean": [
            -0.00033220423695941764,
            0.5551841805378596,
            -0.0002690908343841632,
            -2.014819155136744,
            -4.361818234125773e-05,
            2.5692029198010764,
            0.7854034130771955,
            0.025892076548188925,
            0.025908685910205047
        ],
        "std": [
            0.21050473301949946,
            0.21742096336771216,
            0.045415303796746666,
            0.333610894968439,
            0.04488513640347912,
            0.1546307044225468,
            0.28407536098752917,
            0.01035404795367265,
            0.010341817290314454
        ],
        "q01": [
            -0.351805716753006,
            0.2858898639678955,
            -0.08674733340740204,
            -2.378504991531372,
            -0.08845534920692444,
            2.3464694023132324,
            0.30001938343048096,
            0.018264153972268105,
            0.01828637160360813
        ],
        "q99": [
            0.3511089086532593,
            0.9788410067558289,
            0.08602526783943176,
            -1.3676142692565918,
            0.08834224194288254,
            2.834419012069702,
            1.2707574367523193,
            0.03999999910593033,
            0.03999999910593033
        ]
    },
    "action": {
        "min": [
            -0.35116565227508545,
            0.28339940309524536,
            -0.08656133711338043,
            -2.3797450065612793,
            -0.08845006674528122,
            2.346534490585327,
            0.2999984622001648,
            -1.0
        ],
        "max": [
            0.35116511583328247,
            0.979961097240448,
            0.08656123280525208,
            -1.3681273460388184,
            0.08845017105340958,
            2.8345253467559814,
            1.2707971334457397,
            1.0
        ],
        "mean": [
            -7.744529284536839e-08,
            0.5623847842216492,
            -7.993852098782858e-09,
            -2.007916748523712,
            1.4435499906539917e-08,
            2.569432497024536,
            0.7853982746601105,
            -0.29999999701976776
        ],
        "std": [
            0.21193944196152786,
            0.2224467983411865,
            0.04541999469927321,
            0.3416636667474037,
            0.04513088575570652,
            0.1555396546294128,
            0.2860722187664196,
            0.9539387592223447
        ],
        "q01": [
            -0.35116565227508545,
            0.28339940309524536,
            -0.08656133711338043,
            -2.3797450065612793,
            -0.08845006674528122,
            2.346534490585327,
            0.2999984622001648,
            -1.0
        ],
        "q99": [
            0.35116511583328247,
            0.979961097240448,
            0.08656123280525208,
            -1.3681273460388184,
            0.08845017105340958,
            2.8345253467559814,
            1.2707971334457397,
            1.0
        ]
    }
}